{"cameraMode":{"drawMode":1,"name":"Wireframe","section":"Shading Mode"},"sceneLighting":true,"audioPlay":false,"sceneViewState":{"m_AlwaysRefresh":false,"showFog":true,"showSkybox":true,"showFlares":true,"showImageEffects":true,"showParticleSystems":true,"showVisualEffectGraphs":true,"m_FxEnabled":true},"in2DMode":false,"pivot":{"x":21.84089469909668,"y":17.355525970458986,"z":-11.215923309326172},"rotation":{"x":-0.001152868033386767,"y":-0.7706764936447144,"z":0.0013948162086308003,"w":-0.6372258067131043},"size":11.931654930114746,"orthographic":false}