{"cameraMode":{"drawMode":0,"name":"Shaded","section":"Shading Mode"},"sceneLighting":false,"audioPlay":false,"sceneViewState":{"m_AlwaysRefresh":false,"showFog":true,"showSkybox":true,"showFlares":true,"showImageEffects":true,"showParticleSystems":true,"showVisualEffectGraphs":true,"m_FxEnabled":true},"in2DMode":false,"pivot":{"x":0.42848968505859377,"y":0.4648714065551758,"z":2.1231682300567629},"rotation":{"x":-0.14387977123260499,"y":0.5284921526908875,"z":-0.09143221378326416,"w":-0.8316484689712524},"size":3.6939234733581545,"orthographic":false}