{"cameraMode":{"drawMode":1,"name":"Wireframe","section":"Shading Mode"},"sceneLighting":true,"audioPlay":false,"sceneViewState":{"m_AlwaysRefresh":false,"showFog":true,"showSkybox":true,"showFlares":true,"showImageEffects":true,"showParticleSystems":true,"showVisualEffectGraphs":true,"m_FxEnabled":true},"in2DMode":false,"pivot":{"x":18.503864288330079,"y":18.19855308532715,"z":-0.7415467500686646},"rotation":{"x":-0.06475493311882019,"y":0.017060501500964166,"z":-0.0011069639585912228,"w":-0.9977571964263916},"size":2.6095030307769777,"orthographic":false}