{"cameraMode":{"drawMode":2,"name":"Shaded Wireframe","section":"Shading Mode"},"sceneLighting":true,"audioPlay":false,"sceneViewState":{"m_AlwaysRefresh":false,"showFog":true,"showSkybox":true,"showFlares":true,"showImageEffects":true,"showParticleSystems":true,"showVisualEffectGraphs":true,"m_FxEnabled":true},"in2DMode":false,"pivot":{"x":19.479999542236329,"y":19.155153274536134,"z":0.7691249847412109},"rotation":{"x":0.04467589408159256,"y":0.006276203319430351,"z":0.00026153470389544964,"w":-0.9990040063858032},"size":1.3708997964859009,"orthographic":false}